{
  "dataset": "mnist",
  "model": "cnn",
  "attack": "clean",
  "results": {
    "cap_1": {
      "clean": {
        "accuracy": 0.9300000667572021,
        "error_rate": 0.06999993324279785
      }
    },
    "cap_2": {
      "clean": {
        "accuracy": 0.968000054359436,
        "error_rate": 0.031999945640563965
      }
    },
    "cap_3": {
      "clean": {
        "accuracy": 0.9860000610351562,
        "error_rate": 0.01399993896484375
      }
    },
    "cap_4": {
      "clean": {
        "accuracy": 0.9900000691413879,
        "error_rate": 0.00999993085861206
      }
    },
    "cap_5": {
      "clean": {
        "accuracy": 0.9940000176429749,
        "error_rate": 0.0059999823570251465
      }
    },
    "cap_6": {
      "clean": {
        "accuracy": 0.9900000691413879,
        "error_rate": 0.00999993085861206
      }
    },
    "cap_7": {
      "clean": {
        "accuracy": 0.9920000433921814,
        "error_rate": 0.007999956607818604
      }
    },
    "cap_8": {
      "clean": {
        "accuracy": 0.9940000176429749,
        "error_rate": 0.0059999823570251465
      }
    },
    "cap_9": {
      "clean": {
        "accuracy": 0.9940000176429749,
        "error_rate": 0.0059999823570251465
      }
    },
    "cap_10": {
      "clean": {
        "accuracy": 0.9910000562667847,
        "error_rate": 0.008999943733215332
      }
    }
  }
}