{
  "dataset": "cifar10",
  "model": "resnet",
  "attack": "clean",
  "results": {
    "cap_1": {
      "clean": {
        "accuracy": 0.8500000238418579,
        "error_rate": 0.1499999761581421
      }
    },
    "cap_2": {
      "clean": {
        "accuracy": 0.878000020980835,
        "error_rate": 0.12199997901916504
      }
    },
    "cap_4": {
      "clean": {
        "accuracy": 0.893000066280365,
        "error_rate": 0.10699993371963501
      }
    },
    "cap_6": {
      "clean": {
        "accuracy": 0.8970000147819519,
        "error_rate": 0.1029999852180481
      }
    },
    "cap_8": {
      "clean": {
        "accuracy": 0.8880000710487366,
        "error_rate": 0.11199992895126343
      }
    },
    "cap_10": {
      "clean": {
        "accuracy": 0.906000018119812,
        "error_rate": 0.09399998188018799
      }
    },
    "cap_16": {
      "clean": {
        "accuracy": 0.9200000166893005,
        "error_rate": 0.07999998331069946
      }
    },
    "cap_20": {
      "clean": {
        "accuracy": 0.9230000376701355,
        "error_rate": 0.0769999623298645
      }
    },
    "cap_24": {
      "clean": {
        "accuracy": 0.9170000553131104,
        "error_rate": 0.08299994468688965
      }
    },
    "cap_26": {
      "clean": {
        "accuracy": 0.9170000553131104,
        "error_rate": 0.08299994468688965
      }
    }
  }
}