{
  "dataset": "cifar10",
  "model": "resnet",
  "attack": "pgdlinf",
  "results": {
    "cap_1": {
      "eps_0.0001": 0.8330000020563603,
      "eps_0.002575": 0.3530000150203705,
      "eps_0.005050000000000001": 0.08500001430511475,
      "eps_0.007525000000000001": 0.015000039339065551,
      "eps_0.01": 0.0
    },
    "cap_2": {
      "eps_0.0001": 0.8670000031590461,
      "eps_0.002575": 0.46000000834465027,
      "eps_0.005050000000000001": 0.13600001335144044,
      "eps_0.007525000000000001": 0.03200002908706665,
      "eps_0.01": 0.0070000231266021725
    },
    "cap_4": {
      "eps_0.0001": 0.880000002682209,
      "eps_0.002575": 0.48200001418590543,
      "eps_0.005050000000000001": 0.1520000159740448,
      "eps_0.007525000000000001": 0.03300002813339233,
      "eps_0.01": 0.005000019073486328
    },
    "cap_6": {
      "eps_0.0001": 0.8870000027120113,
      "eps_0.002575": 0.5240000128746033,
      "eps_0.005050000000000001": 0.19400002360343932,
      "eps_0.007525000000000001": 0.049000012874603274,
      "eps_0.01": 0.011000031232833862
    },
    "cap_8": {
      "eps_0.0001": 0.8800000041723252,
      "eps_0.002575": 0.5300000190734864,
      "eps_0.005050000000000001": 0.20400001406669616,
      "eps_0.007525000000000001": 0.04800001978874206,
      "eps_0.01": 0.012000030279159546
    },
    "cap_10": {
      "eps_0.0001": 0.8930000029504299,
      "eps_0.002575": 0.5370000094175339,
      "eps_0.005050000000000001": 0.20000001788139343,
      "eps_0.007525000000000001": 0.06400002241134643,
      "eps_0.01": 0.01600002646446228
    },
    "cap_16": {
      "eps_0.0001": 0.9110000025480985,
      "eps_0.002575": 0.5980000078678132,
      "eps_0.005050000000000001": 0.24500001668930055,
      "eps_0.007525000000000001": 0.10700001716613769,
      "eps_0.01": 0.03600002527236938
    },
    "cap_20": {
      "eps_0.0001": 0.9130000021308661,
      "eps_0.002575": 0.578000009059906,
      "eps_0.005050000000000001": 0.24000001549720765,
      "eps_0.007525000000000001": 0.06900002360343933,
      "eps_0.01": 0.021000033617019652
    },
    "cap_24": {
      "eps_0.0001": 0.9080000031739474,
      "eps_0.002575": 0.5920000106096268,
      "eps_0.005050000000000001": 0.25200002193450927,
      "eps_0.007525000000000001": 0.08700002431869507,
      "eps_0.01": 0.020000022649765015
    },
    "cap_26": {
      "eps_0.0001": 0.909000001847744,
      "eps_0.002575": 0.5850000143051147,
      "eps_0.005050000000000001": 0.23400001525878905,
      "eps_0.007525000000000001": 0.09000001549720764,
      "eps_0.01": 0.04300001859664917
    }
  }
}