{
  "dataset": "mnist",
  "model": "mlp",
  "attack": "autoattack",
  "results": {
    "cap_1": {
      "eps_0.1": 0.8350000381469727,
      "eps_0.575": 0.31200000643730164,
      "eps_1.05": 0.04400000348687172,
      "eps_1.525": 0.0020000000949949026,
      "eps_2.0": 0.0
    },
    "cap_2": {
      "eps_0.1": 0.921000063419342,
      "eps_0.575": 0.5330000519752502,
      "eps_1.05": 0.12300000339746475,
      "eps_1.525": 0.02500000037252903,
      "eps_2.0": 0.005000000353902578
    },
    "cap_3": {
      "eps_0.1": 0.9500000476837158,
      "eps_0.575": 0.6800000071525574,
      "eps_1.05": 0.22600001096725464,
      "eps_1.525": 0.0560000017285347,
      "eps_2.0": 0.01100000087171793
    },
    "cap_4": {
      "eps_0.1": 0.9550000429153442,
      "eps_0.575": 0.7000000476837158,
      "eps_1.05": 0.2600000202655792,
      "eps_1.525": 0.04700000211596489,
      "eps_2.0": 0.00800000037997961
    },
    "cap_5": {
      "eps_0.1": 0.9650000333786011,
      "eps_0.575": 0.7480000257492065,
      "eps_1.05": 0.29100000858306885,
      "eps_1.525": 0.07600000500679016,
      "eps_2.0": 0.014000000432133675
    },
    "cap_6": {
      "eps_0.1": 0.9590000510215759,
      "eps_0.575": 0.7750000357627869,
      "eps_1.05": 0.3060000240802765,
      "eps_1.525": 0.06800000369548798,
      "eps_2.0": 0.013000000268220901
    },
    "cap_7": {
      "eps_0.1": 0.9720000624656677,
      "eps_0.575": 0.8090000152587891,
      "eps_1.05": 0.36400002241134644,
      "eps_1.525": 0.09400000423192978,
      "eps_2.0": 0.021000001579523087
    },
    "cap_8": {
      "eps_0.1": 0.9660000205039978,
      "eps_0.575": 0.7990000247955322,
      "eps_1.05": 0.3450000286102295,
      "eps_1.525": 0.06599999964237213,
      "eps_2.0": 0.007000000216066837
    },
    "cap_9": {
      "eps_0.1": 0.9800000190734863,
      "eps_0.575": 0.8040000200271606,
      "eps_1.05": 0.36400002241134644,
      "eps_1.525": 0.08300000429153442,
      "eps_2.0": 0.012000000104308128
    },
    "cap_10": {
      "eps_0.1": 0.9720000624656677,
      "eps_0.575": 0.8200000524520874,
      "eps_1.05": 0.359000027179718,
      "eps_1.525": 0.09700000286102295,
      "eps_2.0": 0.02200000174343586
    }
  }
}