{
  "dataset": "cifar10",
  "model": "resnet",
  "attack": "pgdl2",
  "results": {
    "cap_1": {
      "eps_0.005": 0.821,
      "eps_0.07875": 0.349,
      "eps_0.1525": 0.123,
      "eps_0.22625": 0.051,
      "eps_0.3": 0.033
    },
    "cap_2": {
      "eps_0.005": 0.854,
      "eps_0.07875": 0.442,
      "eps_0.1525": 0.167,
      "eps_0.22625": 0.062,
      "eps_0.3": 0.037
    },
    "cap_4": {
      "eps_0.005": 0.876,
      "eps_0.07875": 0.46,
      "eps_0.1525": 0.161,
      "eps_0.22625": 0.067,
      "eps_0.3": 0.037
    },
    "cap_6": {
      "eps_0.005": 0.882,
      "eps_0.07875": 0.477,
      "eps_0.1525": 0.189,
      "eps_0.22625": 0.072,
      "eps_0.3": 0.041
    },
    "cap_8": {
      "eps_0.005": 0.876,
      "eps_0.07875": 0.483,
      "eps_0.1525": 0.197,
      "eps_0.22625": 0.068,
      "eps_0.3": 0.047
    },
    "cap_10": {
      "eps_0.005": 0.884,
      "eps_0.07875": 0.475,
      "eps_0.1525": 0.202,
      "eps_0.22625": 0.075,
      "eps_0.3": 0.038
    },
    "cap_16": {
      "eps_0.005": 0.905,
      "eps_0.07875": 0.542,
      "eps_0.1525": 0.234,
      "eps_0.22625": 0.093,
      "eps_0.3": 0.067
    },
    "cap_20": {
      "eps_0.005": 0.909,
      "eps_0.07875": 0.518,
      "eps_0.1525": 0.215,
      "eps_0.22625": 0.074,
      "eps_0.3": 0.044
    },
    "cap_24": {
      "eps_0.005": 0.9,
      "eps_0.07875": 0.54,
      "eps_0.1525": 0.225,
      "eps_0.22625": 0.083,
      "eps_0.3": 0.047
    },
    "cap_26": {
      "eps_0.005": 0.904,
      "eps_0.07875": 0.529,
      "eps_0.1525": 0.209,
      "eps_0.22625": 0.087,
      "eps_0.3": 0.048
    }
  }
}