{
  "dataset": "cifar10",
  "model": "resnet",
  "attack": "autoattack",
  "results": {
    "cap_1": {
      "eps_0.005": 0.8210000395774841,
      "eps_0.06625": 0.3760000169277191,
      "eps_0.1275": 0.0820000022649765,
      "eps_0.18875": 0.010000000707805157,
      "eps_0.25": 0.0
    },
    "cap_2": {
      "eps_0.005": 0.8540000319480896,
      "eps_0.06625": 0.4750000238418579,
      "eps_0.1275": 0.1420000046491623,
      "eps_0.18875": 0.026000000536441803,
      "eps_0.25": 0.003000000026077032
    },
    "cap_4": {
      "eps_0.005": 0.8760000467300415,
      "eps_0.06625": 0.49800002574920654,
      "eps_0.1275": 0.15200001001358032,
      "eps_0.18875": 0.024000000208616257,
      "eps_0.25": 0.006000000052154064
    },
    "cap_6": {
      "eps_0.005": 0.8820000290870667,
      "eps_0.06625": 0.5350000262260437,
      "eps_0.1275": 0.18700000643730164,
      "eps_0.18875": 0.02800000086426735,
      "eps_0.25": 0.006000000052154064
    },
    "cap_8": {
      "eps_0.005": 0.8760000467300415,
      "eps_0.06625": 0.534000039100647,
      "eps_0.1275": 0.18400001525878906,
      "eps_0.18875": 0.03500000014901161,
      "eps_0.25": 0.006000000052154064
    },
    "cap_10": {
      "eps_0.005": 0.8840000629425049,
      "eps_0.06625": 0.5430000424385071,
      "eps_0.1275": 0.16700001060962677,
      "eps_0.18875": 0.03400000184774399,
      "eps_0.25": 0.004000000189989805
    },
    "cap_16": {
      "eps_0.005": 0.9050000309944153,
      "eps_0.06625": 0.6020000576972961,
      "eps_0.1275": 0.2160000056028366,
      "eps_0.18875": 0.058000002056360245,
      "eps_0.25": 0.014000000432133675
    },
    "cap_20": {
      "eps_0.005": 0.909000039100647,
      "eps_0.06625": 0.5770000219345093,
      "eps_0.1275": 0.18800000846385956,
      "eps_0.18875": 0.027000000700354576,
      "eps_0.25": 0.006000000052154064
    },
    "cap_24": {
      "eps_0.005": 0.9000000357627869,
      "eps_0.06625": 0.5910000205039978,
      "eps_0.1275": 0.2330000102519989,
      "eps_0.18875": 0.055000003427267075,
      "eps_0.25": 0.01100000087171793
    },
    "cap_26": {
      "eps_0.005": 0.9040000438690186,
      "eps_0.06625": 0.5770000219345093,
      "eps_0.1275": 0.20000000298023224,
      "eps_0.18875": 0.049000002443790436,
      "eps_0.25": 0.007000000216066837
    }
  }
}