{
  "dataset": "mnist",
  "model": "mlp",
  "attack": "clean",
  "results": {
    "cap_1": {
      "clean": {
        "accuracy": 0.8740000128746033,
        "error_rate": 0.12599998712539673
      }
    },
    "cap_2": {
      "clean": {
        "accuracy": 0.9540000557899475,
        "error_rate": 0.04599994421005249
      }
    },
    "cap_3": {
      "clean": {
        "accuracy": 0.9640000462532043,
        "error_rate": 0.035999953746795654
      }
    },
    "cap_4": {
      "clean": {
        "accuracy": 0.9750000238418579,
        "error_rate": 0.02499997615814209
      }
    },
    "cap_5": {
      "clean": {
        "accuracy": 0.9760000705718994,
        "error_rate": 0.023999929428100586
      }
    },
    "cap_6": {
      "clean": {
        "accuracy": 0.9780000448226929,
        "error_rate": 0.02199995517730713
      }
    },
    "cap_7": {
      "clean": {
        "accuracy": 0.9850000739097595,
        "error_rate": 0.014999926090240479
      }
    },
    "cap_8": {
      "clean": {
        "accuracy": 0.9810000658035278,
        "error_rate": 0.018999934196472168
      }
    },
    "cap_9": {
      "clean": {
        "accuracy": 0.9860000610351562,
        "error_rate": 0.01399993896484375
      }
    },
    "cap_10": {
      "clean": {
        "accuracy": 0.984000027179718,
        "error_rate": 0.015999972820281982
      }
    }
  }
}