{
  "dataset": "mnist",
  "model": "cnn",
  "attack": "autoattack",
  "results": {
    "cap_1": {
      "eps_0.01": 0.9180000424385071,
      "eps_0.2575": 0.4970000088214874,
      "eps_0.505": 0.04700000211596489,
      "eps_0.7525": 0.0010000000474974513,
      "eps_1.0": 0.0
    },
    "cap_4": {
      "eps_0.01": 0.9890000224113464,
      "eps_0.2575": 0.7430000305175781,
      "eps_0.505": 0.0860000029206276,
      "eps_0.7525": 0.0,
      "eps_1.0": 0.0
    }
  }
}