{
  "dataset": "mnist",
  "model": "cnn",
  "attack": "pgdlinf",
  "results": {
    "cap_1": {
      "eps_0.01": 0.7700000092387199,
      "eps_0.025": 0.3760000139474869,
      "eps_0.04": 0.06100001931190491,
      "eps_0.05500000000000001": 0.012000024318695068,
      "eps_0.07": 0.0030000150203704835
    },
    "cap_2": {
      "eps_0.01": 0.8690000034868717,
      "eps_0.025": 0.317000013589859,
      "eps_0.04": 0.03800002336502075,
      "eps_0.05500000000000001": 0.002000010013580322,
      "eps_0.07": 0.0
    },
    "cap_3": {
      "eps_0.01": 0.9370000010356307,
      "eps_0.025": 0.4670000046491623,
      "eps_0.04": 0.10100001096725464,
      "eps_0.05500000000000001": 0.006000024080276489,
      "eps_0.07": 0.0
    },
    "cap_4": {
      "eps_0.01": 0.9400000024586916,
      "eps_0.025": 0.6070000112056733,
      "eps_0.04": 0.11700002551078796,
      "eps_0.05500000000000001": 0.019000041484832763,
      "eps_0.07": 0.001000005006790161
    },
    "cap_5": {
      "eps_0.01": 0.9570000015199185,
      "eps_0.025": 0.607000008225441,
      "eps_0.04": 0.12900002002716066,
      "eps_0.05500000000000001": 0.018000036478042603,
      "eps_0.07": 0.001000005006790161
    },
    "cap_6": {
      "eps_0.01": 0.9490000007674098,
      "eps_0.025": 0.6650000125169754,
      "eps_0.04": 0.12000001668930053,
      "eps_0.05500000000000001": 0.03600002527236938,
      "eps_0.07": 0.006000024080276489
    },
    "cap_7": {
      "eps_0.01": 0.9740000007674098,
      "eps_0.025": 0.7080000102519989,
      "eps_0.04": 0.1460000216960907,
      "eps_0.05500000000000001": 0.028000032901763915,
      "eps_0.07": 0.009000033140182495
    },
    "cap_8": {
      "eps_0.01": 0.9590000007301569,
      "eps_0.025": 0.6110000073909759,
      "eps_0.04": 0.14500002264976503,
      "eps_0.05500000000000001": 0.030000030994415283,
      "eps_0.07": 0.00700002908706665
    },
    "cap_9": {
      "eps_0.01": 0.9470000013709068,
      "eps_0.025": 0.5120000064373016,
      "eps_0.04": 0.10600002408027649,
      "eps_0.05500000000000001": 0.009000027179718017,
      "eps_0.07": 0.001000005006790161
    },
    "cap_10": {
      "eps_0.01": 0.9680000005289913,
      "eps_0.025": 0.7460000067949295,
      "eps_0.04": 0.17200002074241638,
      "eps_0.05500000000000001": 0.04300001859664917,
      "eps_0.07": 0.006000024080276489
    }
  }
}