{
  "dataset": "mnist",
  "model": "mlp",
  "attack": "pgdlinf",
  "results": {
    "cap_1": {
      "eps_0.01": 0.8130000062286854,
      "eps_0.045": 0.2990000247955322,
      "eps_0.07999999999999999": 0.06700003743171692,
      "eps_0.11499999999999998": 0.008000016212463379,
      "eps_0.15": 0.0020000040531158447
    },
    "cap_2": {
      "eps_0.01": 0.9080000020563602,
      "eps_0.045": 0.5320000141859055,
      "eps_0.07999999999999999": 0.16600000858306885,
      "eps_0.11499999999999998": 0.06600002646446228,
      "eps_0.15": 0.022000038623809816
    },
    "cap_3": {
      "eps_0.01": 0.9410000009462237,
      "eps_0.045": 0.6620000094175339,
      "eps_0.07999999999999999": 0.25600001215934753,
      "eps_0.11499999999999998": 0.0880000114440918,
      "eps_0.15": 0.03400002717971802
    },
    "cap_4": {
      "eps_0.01": 0.9480000011622906,
      "eps_0.045": 0.6940000057220459,
      "eps_0.07999999999999999": 0.28900001645088197,
      "eps_0.11499999999999998": 0.08300001621246338,
      "eps_0.15": 0.017000037431716918
    },
    "cap_5": {
      "eps_0.01": 0.9620000008493662,
      "eps_0.045": 0.7570000052452087,
      "eps_0.07999999999999999": 0.3450000166893005,
      "eps_0.11499999999999998": 0.10300002098083497,
      "eps_0.15": 0.0290000319480896
    },
    "cap_6": {
      "eps_0.01": 0.9570000009611249,
      "eps_0.045": 0.7810000076889991,
      "eps_0.07999999999999999": 0.3340000092983246,
      "eps_0.11499999999999998": 0.10800002217292785,
      "eps_0.15": 0.03000003695487976
    },
    "cap_7": {
      "eps_0.01": 0.9690000005066395,
      "eps_0.045": 0.8080000050365925,
      "eps_0.07999999999999999": 0.409000027179718,
      "eps_0.11499999999999998": 0.12600001692771912,
      "eps_0.15": 0.037000030279159546
    },
    "cap_8": {
      "eps_0.01": 0.9610000008717179,
      "eps_0.045": 0.8010000064969063,
      "eps_0.07999999999999999": 0.37100000977516173,
      "eps_0.11499999999999998": 0.10300002694129944,
      "eps_0.15": 0.02000002861022949
    },
    "cap_9": {
      "eps_0.01": 0.9750000007450581,
      "eps_0.045": 0.8040000051259995,
      "eps_0.07999999999999999": 0.38200001120567323,
      "eps_0.11499999999999998": 0.12300002574920654,
      "eps_0.15": 0.030000025033950807
    },
    "cap_10": {
      "eps_0.01": 0.9670000007376075,
      "eps_0.045": 0.8110000059008599,
      "eps_0.07999999999999999": 0.3910000085830688,
      "eps_0.11499999999999998": 0.11600000858306884,
      "eps_0.15": 0.02600002884864807
    }
  }
}