{
  "dataset": "mnist",
  "model": "cnn",
  "attack": "autoattack",
  "results": {
    "cap_1": {
      "eps_0.01": 0.9180000424385071,
      "eps_0.2575": 0.4970000088214874,
      "eps_0.505": 0.04700000211596489,
      "eps_0.7525": 0.0010000000474974513,
      "eps_1.0": 0.0
    },
    "cap_2": {
      "eps_0.01": 0.9650000333786011,
      "eps_0.2575": 0.48900002241134644,
      "eps_0.505": 0.010000000707805157,
      "eps_0.7525": 0.0,
      "eps_1.0": 0.0
    },
    "cap_3": {
      "eps_0.01": 0.9850000739097595,
      "eps_0.2575": 0.6890000104904175,
      "eps_0.505": 0.0650000050663948,
      "eps_0.7525": 0.0,
      "eps_1.0": 0.0
    },
    "cap_4": {
      "eps_0.01": 0.9890000224113464,
      "eps_0.2575": 0.7430000305175781,
      "eps_0.505": 0.0860000029206276,
      "eps_0.7525": 0.0,
      "eps_1.0": 0.0
    },
    "cap_5": {
      "eps_0.01": 0.9930000305175781,
      "eps_0.2575": 0.8270000219345093,
      "eps_0.505": 0.11300000548362732,
      "eps_0.7525": 0.006000000052154064,
      "eps_1.0": 0.0
    },
    "cap_6": {
      "eps_0.01": 0.9890000224113464,
      "eps_0.2575": 0.8260000348091125,
      "eps_0.505": 0.08700000494718552,
      "eps_0.7525": 0.0010000000474974513,
      "eps_1.0": 0.0
    },
    "cap_7": {
      "eps_0.01": 0.9910000562667847,
      "eps_0.2575": 0.8810000419616699,
      "eps_0.505": 0.1300000101327896,
      "eps_0.7525": 0.004000000189989805,
      "eps_1.0": 0.0
    },
    "cap_8": {
      "eps_0.01": 0.9920000433921814,
      "eps_0.2575": 0.8220000267028809,
      "eps_0.505": 0.09000000357627869,
      "eps_0.7525": 0.005000000353902578,
      "eps_1.0": 0.0
    },
    "cap_9": {
      "eps_0.01": 0.9930000305175781,
      "eps_0.2575": 0.7850000262260437,
      "eps_0.505": 0.09100000560283661,
      "eps_0.7525": 0.0,
      "eps_1.0": 0.0
    },
    "cap_10": {
      "eps_0.01": 0.9910000562667847,
      "eps_0.2575": 0.859000027179718,
      "eps_0.505": 0.11900000274181366,
      "eps_0.7525": 0.00800000037997961,
      "eps_1.0": 0.0
    }
  }
}